accuracy,avg_response_time,streak,rounds,difficulty
0.20,18.0,0,4,easy
0.30,15.0,0,6,easy
0.35,13.0,1,8,easy
0.40,14.5,1,7,easy
0.45,12.0,1,9,easy
0.48,10.5,2,10,easy
0.50,11.0,1,12,easy
0.52,9.5,2,8,medium
0.55,9.0,2,10,medium
0.58,8.5,2,12,medium
0.60,8.0,3,10,medium
0.62,7.5,3,12,medium
0.65,7.0,3,14,medium
0.68,6.5,3,15,medium
0.70,6.2,4,12,medium
0.72,6.0,4,15,medium
0.74,5.8,4,16,medium
0.75,5.5,4,18,hard
0.78,5.2,5,14,hard
0.80,5.0,5,16,hard
0.82,4.8,5,18,hard
0.84,4.5,6,18,hard
0.86,4.2,6,20,hard
0.88,4.0,7,20,hard
0.90,3.8,7,22,hard
0.92,3.6,8,22,hard
0.94,3.5,8,24,hard
0.96,3.2,9,24,hard
0.98,3.0,10,25,hard
0.67,10.0,2,6,medium
0.43,7.0,0,5,easy
0.76,8.0,4,11,hard
0.59,5.0,2,7,medium
0.83,7.5,5,13,hard
0.38,8.0,0,10,easy
